{
  "LOC": 0.75,
  "CAM": 0.10000000149011612,
  "MIC": 0.15000000596046448,
  "MED": 0.800000011920929,
  "CNT": 0.6000000238418579,
  "CALL": 0.800000011920929,
  "SMS": 0.3499999940395355,
  "ACC": 0.15000000596046448,
  "DEV_ID": 0.25,
  "DEV_ATTR": 0.6000000238418579,
  "PUS": 0.10000000149011612
}